nomefile;ora_processamento;contatore
6J071503J6071500_0001_202406_001.pdf;2024/09/05 08:23:03
6J071503J6071500_0001_202406_001.pdf;2024/09/11 08:14:07
6J071503J6071500_0001_202406_001.pdf;2024/09/11 09:56:44
2J060401202405m05_0001_$CEDO-EstrazioneOrdinataPerCedolino_001.pdf;2024/09/11 10:15:06
2J060401202405m05_0001_$CEDO-EstrazioneOrdinataPerCedolino_000.pdf;2024/09/12 09:46:51
2J060401202405m05_0001_$CEDO-EstrazioneOrdinataPerCedolino_001.pdf;2024/09/18 08:20:37
2J060401202405m05_0001_$CEDO-EstrazioneOrdinataPerCedolino_002.pdf;2024/09/18 08:21:07
2J060401202405m05_0001_$CEDO-EstrazioneOrdinataPerCedolino_000.pdf;2024/09/18 08:22:12
2J060401202405m05_0001_$CEDO-EstrazioneOrdinataPerCedolino_001.pdf;2024/09/18 08:32:32
2J060401202405m05_0001_$CEDO-EstrazioneOrdinataPerCedolino_002.pdf;2024/09/18 08:32:54
2J060401202405m05_0001_$CEDO-EstrazioneOrdinataPerCedolino_000.pdf;2024/09/18 08:33:57
2J060401202405m05_0001_$CEDO-EstrazioneOrdinataPerCedolino_001.pdf;2024/09/18 08:38:52
2J060401202405m05_0001_$CEDO-EstrazioneOrdinataPerCedolino_002.pdf;2024/09/18 08:39:23
2J060401202405m05_0001_$CEDO-EstrazioneOrdinataPerCedolino_000.pdf;2024/09/18 08:40:32
AMIU_LD_ST7_01.pdf;2024/09/19 15:38:58
AMIU_LD_ST7_01.pdf;2024/09/19 15:42:04
2J060401202405m05_0001_$CEDO-EstrazioneOrdinataPerCedolino_001.pdf;2024/10/28 15:53:57
2J060401202405m05_0001_$CEDO-EstrazioneOrdinataPerCedolino_002.pdf;2024/10/28 15:54:23
202308m08_0003_$CEDO-EstrazioneOrdinataPerCedolino_000.pdf;2024/10/28 16:19:29
2J060401202405m05_0001_$CEDO-EstrazioneOrdinataPerCedolino_001.pdf;2024/10/28 16:22:19
2J060401202405m05_0001_$CEDO-EstrazioneOrdinataPerCedolino_002.pdf;2024/10/28 16:22:42
202308m08_0003_$CEDO-EstrazioneOrdinataPerCedolino_000.pdf;2024/10/28 16:22:46
2J060401202405m05_0001_$CEDO-EstrazioneOrdinataPerCedolino_000.pdf;2024/10/28 16:23:39
2J060401202405m05_0001_$CEDO-EstrazioneOrdinataPerCedolino_001.pdf;2024/10/28 16:48:01
2J060401202405m05_0001_$CEDO-EstrazioneOrdinataPerCedolino_002.pdf;2024/10/28 16:48:25
202308m08_0003_$CEDO-EstrazioneOrdinataPerCedolino_000.pdf;2024/10/28 16:48:28
2J060401202405m05_0001_$CEDO-EstrazioneOrdinataPerCedolino_000.pdf;2024/10/28 16:49:19
2J060401202405m05_0001_$CEDO-EstrazioneOrdinataPerCedolino_001.pdf;2024/10/28 16:52:47
2J060401202405m05_0001_$CEDO-EstrazioneOrdinataPerCedolino_002.pdf;2024/10/28 16:53:16
202308m08_0003_$CEDO-EstrazioneOrdinataPerCedolino_000.pdf;2024/10/28 16:53:21
2J060401202405m05_0001_$CEDO-EstrazioneOrdinataPerCedolino_000.pdf;2024/10/28 16:54:24
PRESENZE_0003_202008_001.pdf;2024/10/29 16:23:25
202012m13_0001_$CEDO-EstrazioneOrdinataPerCedolino_000.pdf;2024/10/31 15:08:35;999
